reviewId,userName,userImage,content,score,thumbsUpCount,reviewCreatedVersion,at,replyContent,repliedAt,appVersion
583530be-3587-4b68-824a-0570491b2b28,Daniela Pinto,https://play-lh.googleusercontent.com/a-/AD_cMMRVmVqwsiYmUZ072sr_MwazcY9TZAf9pC1iaatZoibhRiY,"A app est√° sempre a pedir atualiza√ß√£o e est√° atualizada, e ir relogio deconecta-se sozinho e n√£o se volta a conectar. For√ßando d√° mensagem imposs√≠vel ligar",2,0,2.2.50.22072061,2022-11-28 18:13:13,,,2.2.50.22072061
42ccdb49-ac98-45db-894b-ee9ebd546d2a,Um usu√°rio do Google,https://play-lh.googleusercontent.com/EGemoI2NTXmTsBVtJqk8jxF9rh8ApRWfsIMQSt2uE4OcpQqbFu7f7NbTK05lx80nuSijCz7sc3a277R67g,Muitp fr√°gil e pouco √∫til. Em duas semanas a vida da bateria j√° diminuiu 3 dias. Agora se carrega e dura s√≥ 3 dias. N√£o vale a pena comprar. N√£o tem uma aplica√ß√£o pr√°tica e n√£o ir√° resistir a muitp uso.,2,0,2.2.27.19083061,2019-10-29 17:17:54,,,2.2.27.19083061
1a47db42-e557-4728-a986-031b8e7b8d35,Marcella Brummert De Aboim,https://play-lh.googleusercontent.com/a/AAcHTtdEqIvdHrZIDPFZ0HPJZgxO1BZh3nFbjrbApfBcWPr4=mo,Essa √∫ltima atualiza√ß√£o tirou o modo banho do rel√≥gio. S√≥ consigo ativar pelo celular. Ficou horr√≠vel a intera√ß√£o celular/rel√≥gio. Decepcionante.,2,0,2.2.48.22033061,2022-05-09 16:56:30,,,2.2.48.22033061
bb2e0cf8-34c7-4ab6-96c0-553fa2b0fe0f,Piero Soares,https://play-lh.googleusercontent.com/a-/AD_cMMQggBRsvM_4TB8WWgvF68okJkYfP906sL76DvyS8vNRkAg,"Uma fun√ß√£o t√£o importante quanto o de verificar a localiza√ß√£o do smartwatch e ser√° finalizada a partir de 15/03/2021. As atualiza√ß√µes ao inv√©s de criar novas fun√ß√µes vai desabilitando as que tem, como a contagem de cafe√≠na...",2,2,2.2.38.21011861,2021-03-05 23:16:27,,,2.2.38.21011861
92a607a9-4dc6-414a-bd94-67244e17f6e2,Um usu√°rio do Google,https://play-lh.googleusercontent.com/EGemoI2NTXmTsBVtJqk8jxF9rh8ApRWfsIMQSt2uE4OcpQqbFu7f7NbTK05lx80nuSijCz7sc3a277R67g,"Desde que atualizei, que n√£o p√°ra de despertar hor√°rios que j√° n√£o est√£o no telem√≥vel. No entanto, no rel√≥gio continuam a tocar!",2,0,2.2.24.19031361,2019-05-29 18:32:30,,,2.2.24.19031361
0850788b-a035-4e0a-84b5-02e1e34a7063,Um usu√°rio do Google,https://play-lh.googleusercontent.com/EGemoI2NTXmTsBVtJqk8jxF9rh8ApRWfsIMQSt2uE4OcpQqbFu7f7NbTK05lx80nuSijCz7sc3a277R67g,"Sincroniza√ß√£o Centralizada Samsung Pay, fa√ßo pagamento pelo rel√≥gio e pelo celular, ambos pelo Samsung Pay. Mas os pontos n√£o ficam sincronizados, ou seja no App do rel√≥gio ficam os pontos que pago com ele, e no celular os pontos que pago usando o celular. Porque isso n√£o √© centralizado?",2,0,,2019-08-30 18:48:21,,,
c90a226f-8427-4253-9d3d-29e801704e02,Um usu√°rio do Google,https://play-lh.googleusercontent.com/EGemoI2NTXmTsBVtJqk8jxF9rh8ApRWfsIMQSt2uE4OcpQqbFu7f7NbTK05lx80nuSijCz7sc3a277R67g,"Comprei um Gear Sport e simplesmente n√£o consigo us√°-lo. O aplicativo solicita que eu fa√ßa a atualiza√ß√£o do software ( J√Å est√° atualizado), √© compat√≠vel com J5 Pro... n√£o sei mais o que fa√ßo, podem me ajudar? Testei com o Gear S2 e sempre a mesma mensagem",2,19,2.2.21.18080361,2018-10-22 16:38:18,,,2.2.21.18080361
cec1cb48-cafd-4207-80e5-96ac0dbe72ac,Marcos Alexandre,https://play-lh.googleusercontent.com/a-/AD_cMMSlvaRmPjfnX6GGM4ttcUeOE_BJuNWXc9u0sZqPW3i8r6IH,"Notifica√ß√£o irritante Toda vez em que abro o app, da um aviso de Nova vers√£o dispon√≠vel para atualiza√ß√£o. E quando coloco para atualizar, abre essa p√°gina da Playstore, por√©m n√£o tem atualiza√ß√£o alguma.",2,2,2.2.50.22072061,2022-11-16 09:04:56,,,2.2.50.22072061
3d9ef4dd-3e29-40b3-b57e-f6576fc4dae0,Bruno Silva,https://play-lh.googleusercontent.com/a-/AD_cMMTUGV9Kln5uGKQmWEpcljHbQeSnNtxzZfoAF9XYotRUB9U,"N√£o consigo conectar a pulseira com o celular, e quando que por muita insist√™ncia consigo, n√£o dura nem dois minutos, j√° desconecta. Arrumem isso!",2,1,2.2.30.20031361,2020-05-12 22:56:06,,,2.2.30.20031361
6c4826c1-2fd1-4b13-9ae3-2af4d28e1532,Um usu√°rio do Google,https://play-lh.googleusercontent.com/EGemoI2NTXmTsBVtJqk8jxF9rh8ApRWfsIMQSt2uE4OcpQqbFu7f7NbTK05lx80nuSijCz7sc3a277R67g,"A aplica√ß√£o funciona bem, mas no OnePlus 6T n√£o est√° a ligar √† conta Samsung. Aparece um rect√¢ngulo branco sem nenhuma informa√ß√£o e n√£o consigo usar as aplica√ß√µes da Galaxy Store.",2,1,2.2.24.19031361,2019-04-20 17:46:59,,,2.2.24.19031361
5faf505c-9665-43a3-9039-f932824fdc7d,Um usu√°rio do Google,https://play-lh.googleusercontent.com/EGemoI2NTXmTsBVtJqk8jxF9rh8ApRWfsIMQSt2uE4OcpQqbFu7f7NbTK05lx80nuSijCz7sc3a277R67g,Aplicativo toda hora desconecta do rel√≥gio !! Perdemos notifica√ß√µes importantes !! Arrumem isso !!! Brincadeira com a cara do consumidor !!! Tenho um Mi 9 Lite e tenho certeza que a culpa n√£o e do telefone,2,1,2.2.29.20012861,2020-03-17 00:56:26,,,2.2.29.20012861
84658192-cc89-425b-9c94-a3ddf4a3c797,Robson Barros,https://play-lh.googleusercontent.com/a-/AD_cMMS841LgP8YxlpMGIzCjeSMoA-N8g6YzXPrEK1PPFZPFwOs,"Est√° ruim, n√£o consigo personalizar o galaxy Watch4, o app est√° sincronizado com o rel√≥gio mas a op√ß√£o de personalizar fecha sozinha o tempo inteiro",2,0,2.2.50.22072061,2022-11-02 18:40:47,,,2.2.50.22072061
57028955-d419-45b8-b1fd-f3e8a8da31cb,Rodrigo Jos√©,https://play-lh.googleusercontent.com/a-/AD_cMMS8wllAhJxMkoNW1UVInT_4Tt4sP6eBsdiO5t6W3EEfJgYz,"Treino de esteira com o watch4 de 3km marcou apenas 0,45km, contagem de passos aparentemente coerente com a dist√¢ncia de 3km. Mas a kilometragem com uma diferen√ßa exorbitante comparado a dist√¢ncia real percorrida na esteira.",2,0,,2021-12-04 07:39:06,,,
d336e398-0f76-4b23-bfe5-4790111499ed,Um usu√°rio do Google,https://play-lh.googleusercontent.com/EGemoI2NTXmTsBVtJqk8jxF9rh8ApRWfsIMQSt2uE4OcpQqbFu7f7NbTK05lx80nuSijCz7sc3a277R67g,Pessoal! N√£o estou mais conseguindo logar na minha conta Samsung... clico para logar e aparece uma tela branca que n√£o gera nenhuma informa√ß√£o... desta forma n√£o consigo utilizar os recursos e t√£o poico baixar e atualizar aplicativos... resolvam isto,2,6,2.2.24.19031361,2019-04-20 00:12:35,,,2.2.24.19031361
2d89a9a4-2086-4774-af1b-12e97ec372fd,Um usu√°rio do Google,https://play-lh.googleusercontent.com/EGemoI2NTXmTsBVtJqk8jxF9rh8ApRWfsIMQSt2uE4OcpQqbFu7f7NbTK05lx80nuSijCz7sc3a277R67g,O meu rel√≥gio n√£o d√° para actualizar para a vers√£o 4 porque diz n√£o ter espa√ßo e n√£o tenho muitas aplica√ß√µes apenas as que j√° vinham e n√£o consigo desinstalar nenhuma ajuda 0ara poder actualizar ou remover aplica√ß√µes que estejam a ocupar espa√ßo visto que as que t√™m n√£o consigo remover obrigada,2,0,2.2.23.19021251,2019-02-15 20:52:28,,,2.2.23.19021251
2eaec6da-f47d-4f77-870c-1328d22b702f,Denis Martins,https://play-lh.googleusercontent.com/a-/AD_cMMQVLGXmaFEz9doBSV-op03h4E7O3S3QsVjk45M8I2irirg,"O aplicativo fica abrindo constantemente a tela de conex√£o da Samsung Account , pedindo de novo a senha. N√£o sei o que est√° acontecendo mas √© bem chato. Pensando em desinstalar.",2,0,2.2.50.22072061,2022-11-25 19:28:53,,,2.2.50.22072061
d0c31553-97ca-49da-b433-4f799f4f1a2c,Um usu√°rio do Google,https://play-lh.googleusercontent.com/EGemoI2NTXmTsBVtJqk8jxF9rh8ApRWfsIMQSt2uE4OcpQqbFu7f7NbTK05lx80nuSijCz7sc3a277R67g,eu s√≥ n√£o gostei porque n√£o d√° para . colocar uma foto ou um tema personalizado no meu gearfit e tamb√©m n√£o tem a op√ß√£o exportar meus dados para o sansung health. fa√ßam uma atualiza√ß√£o que permitam isso por favor ..,2,1,2.2.29.20012861,2020-02-20 19:43:11,,,2.2.29.20012861
0719a694-44c2-4df9-9b6b-435c5d5c4159,Lessa_USA Victor,https://play-lh.googleusercontent.com/a/AAcHTteOWtK37ZHyq-9Tr2nst9BfXrObM6ABEflVKsycw0Vq=mo,Um watch dessa magnitude que vem para competir com Apple e n√£o possuem uma coisa BASICA como o whatsapp?! Est√£o pecando e muito. Temos um watch para usar menos o smartphone e tem fun√ß√µes que nem usamos. Bora colocar a engenharia pra trabalhar!!!,2,0,,2022-02-17 17:59:50,,,
5fedb212-d51b-45c1-ba49-a8ff0e2ac7fc,Um usu√°rio do Google,https://play-lh.googleusercontent.com/EGemoI2NTXmTsBVtJqk8jxF9rh8ApRWfsIMQSt2uE4OcpQqbFu7f7NbTK05lx80nuSijCz7sc3a277R67g,"N√£o consigo acertar o hor√°rio do rel√≥gio com o telefone. No rel√≥gio aparece o hor√°rio de ver√£o do Brasil, que n√£o existe mais, enquanto no telefone o hor√°rio est√° correto",2,15,2.2.28.19120361,2019-12-29 12:39:36,,,2.2.28.19120361
ba81d95a-f5e6-4fb8-bf16-2e31a9fd1164,Denis Deboer,https://play-lh.googleusercontent.com/a-/AD_cMMSWdpIFMJtVkteY7QtzVTYl025rLUX4zXw23TDoCKpUCA,"N√£o consigo conectar o Galaxy Active 2 no tablet S6, h√° algum erro ou √© proposital? N√£o vejo a necessidade de tal restri√ß√£o em um tablet que pode executar as memas fun√ß√µes de um celular.",2,1,2.2.37.20122461,2021-01-27 13:17:36,,,2.2.37.20122461
b19a9d6e-2c83-4a7f-9b46-8067a1b37293,Ig 05,https://play-lh.googleusercontent.com/a/AAcHTtd4e8fxYLIyDVvAN33DUUuw_YJ1MJ2Cf5HYyj-55Dqe=mo,"N√£o possui suporte ao primeiro gear fit. Apesar de antigo, √© um aparelho original Samsung, o que gera expectativa de se conectar a qualquer aparelho Samsung.",2,0,,2023-01-03 10:45:26,,,
fe93e0b0-af8c-40b4-b819-e8623191e1cb,Um usu√°rio do Google,https://play-lh.googleusercontent.com/EGemoI2NTXmTsBVtJqk8jxF9rh8ApRWfsIMQSt2uE4OcpQqbFu7f7NbTK05lx80nuSijCz7sc3a277R67g,"O modo de pesquisa √© bem ruim, as watchfaces ficam bem desorganizadas. √â uma bagun√ßa.",2,0,2.2.28.19120361,2019-12-25 22:03:15,,,2.2.28.19120361
d8b70ddb-ded1-4b7a-8b9e-5d36af48442b,Danilo Monteiro,https://play-lh.googleusercontent.com/a-/AD_cMMTqdtOiEox4eT8Vt0SK_gBQnXN7wxUFCu_DSsiTvY6NFX6c,"Um absurdo Samsung limitar fun√ß√µes para aparelhos n√£o Galaxy, atualiza√ß√£o de ECG e Press√£o arterial do Active 2 s√≥ com aparelhos da marca! Fica o aviso pra quem for comprar e n√£o tiver Celular Galaxy.",2,0,2.2.33.20082161,2020-09-25 12:01:06,,,2.2.33.20082161
f2a244e2-3bf1-490d-a895-b4743cca5bea,Pedro Oliveira,https://play-lh.googleusercontent.com/a-/AD_cMMRjpFeLAqrl3AE-BoSo7xDmwo7aeTP1PvJtJ5ho5N0KOg,O toque dos meus fones est√° bloqueado e toda vez que eu vou ajeitar na orelha para a m√∫sica que eu estou ouvindo piorou depois da atualiza√ß√£o. Consertem por favor,2,0,2.2.42.21083061,2021-09-02 20:24:42,,,2.2.42.21083061
c53f337b-dd47-42a9-9484-6e28b66410fc,Antonio Marcos Abreu,https://play-lh.googleusercontent.com/a-/AD_cMMTh6uyacLyKQAAjY6QptUhco5Jc0we9tL6eSu8BrviJmP8,"Possuo um S21 Fe e o Samsung Galaxy Buds 2,depois que formatei o smartphone este aplicativo n√£o conecta mais com os fones e pede para verificar a Internet embora a mesma esteja funcionando normalmente,j√° desinstalei e instalei mas n√£o resolve.",2,2,2.2.48.22033061,2022-05-05 20:32:39,,,2.2.48.22033061
8def765b-e228-4641-a48a-6f0a2b3512d5,Andressa Naymayer,https://play-lh.googleusercontent.com/a-/AD_cMMSbnpGT4slEpvcoDN1gdgKN_bRyA1XNqQSak58fqFWAggDj,"A nova atualiza√ß√£o n√£o ficou boa tiraram a op√ß√£o de ver aonde est√° o fone de ouvido, perdi um fone e n√£o consigo encontrar antes mostrava um mapa agora tiraram essa op√ß√£o n√£o sei em qual lugar deixei ü•≤",2,0,2.2.41.21071361,2021-08-20 12:24:26,,,2.2.41.21071361
e1035a19-14f2-4dfa-8422-d6e559664147,Um usu√°rio do Google,https://play-lh.googleusercontent.com/EGemoI2NTXmTsBVtJqk8jxF9rh8ApRWfsIMQSt2uE4OcpQqbFu7f7NbTK05lx80nuSijCz7sc3a277R67g,"Problema ao conectar a conta Samsung. No momento de conectar a conta Samsung a tela de inser√ß√£o do email, senha e c√≥digo de seguran√ßa fica em branco impedindo prosseguir no pareamento",2,1,2.2.24.19031361,2019-04-22 14:12:45,,,2.2.24.19031361
1fe225fd-b43c-4e52-aea2-2d4b9f3569bb,Suzane Ferreira,https://play-lh.googleusercontent.com/a-/AD_cMMQZ_xjapiG2wOaZ48NWqB5e_VrSP5grl2_Y5ExgwbG3Vupc,"Se est√° tendo problemas com emparelhamento fa√ßa o seguinte: 1- esque√ßa o rel√≥gio no bluetooth, 2- desative o wifi do seu celular e ligue a localiza√ß√£o e agora o emparelhamento vai dar certo. Fa√ßa usando apenas a rede do celular.",2,4,2.2.47.21122061,2022-01-25 09:14:34,,,2.2.47.21122061
78e50d19-a9e3-49d3-8e62-1a1d5d4a9c2b,Um usu√°rio do Google,https://play-lh.googleusercontent.com/EGemoI2NTXmTsBVtJqk8jxF9rh8ApRWfsIMQSt2uE4OcpQqbFu7f7NbTK05lx80nuSijCz7sc3a277R67g,Depois das atualiza√ß√µes o app da erro √© fecha sozinho na hora de escolher quais aplicativos do meu celular podem aparecer suas notifica√ß√µes no rel√≥gio.. Est√° me deixando muito chateado.. Espero q arrumem logo,2,3,2.2.21.18080361,2018-12-12 08:12:04,,,2.2.21.18080361
70a34cc7-27a9-427d-bf1e-6bbe5aec06bd,Cristina Yuri,https://play-lh.googleusercontent.com/a-/AD_cMMSZ5UmChunPZuuOzW7PH2PR5fUHH1LWvZhZW1gvHUmAzF8,"Toda vez que eu entro no app ele informa que tem uma atualiza√ß√£o e o bot√£o leva para a Play Store, que tem apenas op√ß√µes de desinstalar ou abrir. Consertem isso, por favor.",2,1,2.2.50.22072061,2022-11-19 10:05:55,,,2.2.50.22072061
ca6cf869-7933-43d1-b21e-7564ee7058a5,Souza Jos√©,https://play-lh.googleusercontent.com/a-/AD_cMMQ3IBJN86gnqfkHxqEoGwO7hJC3sKNreIkYBkU-uOe70Pk,Muito complicado de compreender plano conhecimento e estrat√©gia,2,0,2.2.55.23033161,2023-04-26 09:57:29,,,2.2.55.23033161
cd74777c-e5ea-48ce-8e59-769adcc4b717,Andr√© Massoni,https://play-lh.googleusercontent.com/a-/AD_cMMSjYmbMCW4xaXntnaihY-l1F5AMOF4Lr8jM5zMDacYOHJZ0,O rel√≥gio √© √≥timo. Os Apps est√£o abandonados. Muita coisa na loja n√£o √© atualizada √† mais de dois anos.,2,2,2.2.32.20071661,2020-08-09 02:48:45,,,2.2.32.20071661
2ecc0738-4446-44fe-ab22-7a839f813d65,Um usu√°rio do Google,https://play-lh.googleusercontent.com/EGemoI2NTXmTsBVtJqk8jxF9rh8ApRWfsIMQSt2uE4OcpQqbFu7f7NbTK05lx80nuSijCz7sc3a277R67g,"Apesar de ser boa aplica√ß√£o, ainda n√£o corrigiram o bug que permite colocar o telem√≥vel em dnd e o rel√≥gio mesmo assim receber notifica√ß√µes",2,0,2.2.27.19083061,2019-12-02 08:24:26,,,2.2.27.19083061
6a537b96-1d24-420a-ae5a-df125ce2b0d0,Um usu√°rio do Google,https://play-lh.googleusercontent.com/EGemoI2NTXmTsBVtJqk8jxF9rh8ApRWfsIMQSt2uE4OcpQqbFu7f7NbTK05lx80nuSijCz7sc3a277R67g,"√çcone de notifica√ß√£o do WhatsApp fica desconectando sozinho, comprei o rel√≥gio para isso e n√£o estou conseguindo usar. Assim que conseguir utilizar melhoro a avalia√ß√£o.",2,1,2.2.24.19031361,2019-06-17 00:40:34,,,2.2.24.19031361
33bcd997-262c-4b00-a7ee-8d6702710a5e,Um usu√°rio do Google,https://play-lh.googleusercontent.com/EGemoI2NTXmTsBVtJqk8jxF9rh8ApRWfsIMQSt2uE4OcpQqbFu7f7NbTK05lx80nuSijCz7sc3a277R67g,"Meu rel√≥gio bugou o hor√°rio nesse fds. Est√° uma hora adiantado, apesar do celular estar com o hor√°rio correto. E n√£o consigo alterar manualmente. Qual a solu√ß√£o?",2,1,2.2.27.19083061,2019-11-04 09:21:52,,,2.2.27.19083061
13f780e2-c635-48f8-99ff-d568d47a1c4e,Eduardo Mattos,https://play-lh.googleusercontent.com/a-/AD_cMMR0n96bRpAT_cWIbSXNhmVMwTJuqExWi3KwCbAv5jZieQ,"Meu rel√≥gio n√£o est√° fazendo mais a conex√£o com o celular, ficou travado no primeiro passo da conex√£o ainda (Bem vindo), gostaria de uma solu√ß√£o.",2,1,2.2.48.22033061,2022-05-06 00:52:58,,,2.2.48.22033061
84910221-4475-45bc-9f15-3ff329d7d0ca,Karina Alves,https://play-lh.googleusercontent.com/a-/AD_cMMQYZI7YmJRPYIlz3nDQj83LBhxyB67mwKwjFltyKRj2vz0B,"Depois de reiniciar MEU celular, est√° dando erro, pedindo para fazer atualiza√ß√£o do software do meu celular, por√©m MEU android est√° na √∫ltima vers√£o, conforme estava antes de reiniciar.",2,1,2.2.30.20031361,2020-06-14 15:03:57,,,2.2.30.20031361
f6db046d-1cae-4aa0-8016-1bc49f88cdb9,Um usu√°rio do Google,https://play-lh.googleusercontent.com/EGemoI2NTXmTsBVtJqk8jxF9rh8ApRWfsIMQSt2uE4OcpQqbFu7f7NbTK05lx80nuSijCz7sc3a277R67g,Hj atualizou com hor√°rio de ver√£o mesmo estando sincronizado com meu celular o qual est√° com o hor√°rio correto. Em.2018 e 2019 o problema se repetiu.,2,1,2.2.27.19083061,2019-10-29 23:09:15,,,2.2.27.19083061
a73be5c7-3b3b-43ba-9c4c-7515434c6e1e,fabiola neves,https://play-lh.googleusercontent.com/a-/AD_cMMRB4PuNUB3yGbMmOHDqpgQnINKYDgFG3dyCny0p87jbW3jz,"Muita dificuldade para conectar a pulseira no celular, dificilmente sincronizam, assim n√£o atualiza o app",2,0,2.2.39.21052561,2021-07-23 09:44:08,,,2.2.39.21052561
4b8365b2-ba18-4f58-aafc-ab902d9b15e2,Um usu√°rio do Google,https://play-lh.googleusercontent.com/EGemoI2NTXmTsBVtJqk8jxF9rh8ApRWfsIMQSt2uE4OcpQqbFu7f7NbTK05lx80nuSijCz7sc3a277R67g,"ap√≥s a ultim√° atualiza√ß√£o do meu Watch, o samsung pay parou de funcionar, fiz todas as configura√ß√µes possiveis, mas nao adiantou, espero um pr√≥ximo update pra resolver isso.",2,0,2.2.24.19031361,2019-06-14 14:15:53,,,2.2.24.19031361
7796f019-661e-4ddb-bc82-03aa793fa233,rzac18,https://play-lh.googleusercontent.com/a/AAcHTtdV145jhlX8TkxqOvNq9cUbhPWtIFZnx7pHTNMf4AlA=mo,"Ap√≥s a √∫ltima atualiza√ß√£o meus Buds Live passou a n√£o conectar automaticamente, o que antes era uma experi√™ncia muito boa",2,1,2.2.44.21101461,2021-10-21 14:54:54,,,2.2.44.21101461
55d67426-fbb3-4507-9d70-ece5624fc569,Um usu√°rio do Google,https://play-lh.googleusercontent.com/EGemoI2NTXmTsBVtJqk8jxF9rh8ApRWfsIMQSt2uE4OcpQqbFu7f7NbTK05lx80nuSijCz7sc3a277R67g,"Depois da √∫ltima atualiza√ß√£o, alguns (muitos) contatos que est√£o na agenda do celular, n√£o aparecem no rel√≥gio.",2,6,2.2.23.19021251,2019-03-09 08:34:14,,,2.2.23.19021251
57eb6f98-5ad3-49c9-9380-176aaf8ede4d,Jos√© Mateus,https://play-lh.googleusercontent.com/a/AAcHTteAS7Zo2UZDniiOyOI_UCOtuUYbRyRNhJkmp6ez-Wbx=mo,"Aplicativo quase perfeito, √∫nico problema √© que ele funciona em segundo plano e drena minha bateria de uma maneira surpreendente",2,0,2.2.36.20113061,2021-01-03 16:10:59,,,2.2.36.20113061
c43c00f9-4d12-4d72-9509-65a1549c840e,Um usu√°rio do Google,https://play-lh.googleusercontent.com/EGemoI2NTXmTsBVtJqk8jxF9rh8ApRWfsIMQSt2uE4OcpQqbFu7f7NbTK05lx80nuSijCz7sc3a277R67g,"App muito bom, com somente um defeito: Tenho um ZenFone 5Z e ao tentar logar o popup para digitar as credenciais fica branco. portanto nao consigo baixar nada da Galaxy Store.",2,4,2.2.24.19031361,2019-04-18 20:39:23,,,2.2.24.19031361
6913d21d-665a-4702-9aad-d1a2ce8c07f9,Sergio Severo,https://play-lh.googleusercontent.com/a-/AD_cMMTu931d_vHjC7GlO_zvh0cqRnC8CbHQ8-sTXhiHOCP8pEs,"Depois da √∫ltima atualiza√ß√£o meu galaxy fit 2 fica perdendo a conex√£o com o celular o tempo todo, necessitando de localizar a pulseira toda hora.",2,2,2.2.42.21083061,2021-09-13 13:55:59,,,2.2.42.21083061
0b45f5c3-7142-464a-baea-f7c48f699d0b,Khato Mhula,https://play-lh.googleusercontent.com/a-/AD_cMMQVHjhh4NN_v5O7UdoALyZs-sn_6t3d1b59Wz0W1XFi3DrG,"deveriam voltar para a antiga interface, bem mais agrad√°vel e funcional.. Equalizador deveria ser a primeira op√ß√£o,e n√£o ficar escondido em abas, peloamordedeus.. algu√©m a√≠ entende de praticidade?",2,52,2.2.47.21122061,2022-04-10 21:58:12,,,2.2.47.21122061
6320f701-8301-4b8b-be35-f73bc95f7b6a,Lisandra Cordeiro,https://play-lh.googleusercontent.com/a-/AD_cMMROLimOh8daq3yQuGuFaBNG2vzjFu5QLek1zS7jMEZsq5ps,Depois que atualizei o aplicativo meu rel√≥gio galaxy fit 2 desconecta-se o tempo todo do aplicativo. Isso n√£o acontecia antes.,2,4,2.2.43.21092861,2021-10-12 14:17:47,,,2.2.43.21092861
78b1cef1-e2d9-43ff-a5e4-2a383e7393db,Salim Ruan Rodrigues Pinheiro,https://play-lh.googleusercontent.com/a-/AD_cMMQ1Eai1nTzW9qUJQlGyICMvMbhqJppNwrX8VV6gZ34YVjI,Perdi um lado do meu buds e por isso n√£o d√° pra atualizar o mesmo... Pede pra conectar o outro lada... Isso n√£o deveria ser um problema!,2,1,2.2.39.21052561,2021-06-18 01:50:38,,,2.2.39.21052561
a527e97c-f8e4-4e20-86fc-9964b42e8b59,Allan S.,https://play-lh.googleusercontent.com/a-/AD_cMMTYFQ9tzG0aSOrzqYc0c3f5_9U_5G_nDehoHp3Q29AQOA,"Aplicativo n√£o est√° funcionando. Pede para atualizar, por√©m n√£o h√° atualiza√ß√£o no store. Imposs√≠vel utilizar.",2,3,2.2.50.22072061,2022-11-25 10:08:55,,,2.2.50.22072061
999d7941-afe6-4b5b-8b7f-f665f32b9b29,wesley rezende,https://play-lh.googleusercontent.com/a-/AD_cMMTOB2eWPNBDC4Vz-6cG0_tBWNUhpM_gOpyECoRzqcxIuso,|Galaxy Fit 2| Poderiam adicionar mais op√ß√µes de visores ou pelo menos deixar personalizar. E as op√ß√µes do aplicativo s√£o bem inferiores ao mi fit.,2,0,2.2.34.20091461,2020-12-07 13:24:39,,,2.2.34.20091461
95099748-f8ee-461c-b092-202339a020fe,Josivaldo Barbosa,https://play-lh.googleusercontent.com/a-/AD_cMMSYmnoUSzzuh9wqoG5K3DTY8RGM4tCUWIz3V4lZd8xpJDw,"Depois da √∫ltima atualiza√ß√£o n√£o est√° mais reconhecendo os batimentos card√≠acos, passos e sono. Por favor, arrumem isso.",2,0,2.2.38.21011861,2021-03-18 18:44:45,,,2.2.38.21011861
05d997d3-4130-4c26-bef6-5a75a7f1152a,Marcos Paulo,https://play-lh.googleusercontent.com/a-/AD_cMMSgAgEGJVxIy-D269wH1R0latp7-SZ3mGmPdtdYiBbf_uM,"vc bloqueia notifica√ß√£o de certos apps e logo elas est√£o l√° novamente, chato demais isso, e a parte da m√∫sica deveria estar os bot√µes avan√ßar e retrew na primeira tela",2,0,2.2.50.22072061,2022-08-23 18:17:04,,,2.2.50.22072061
8a690353-2dfa-4403-abf7-93bafeb4896e,Um usu√°rio do Google,https://play-lh.googleusercontent.com/EGemoI2NTXmTsBVtJqk8jxF9rh8ApRWfsIMQSt2uE4OcpQqbFu7f7NbTK05lx80nuSijCz7sc3a277R67g,"N√£o conecta ao bluetooth e desconfigura o rel√≥gio, depois da √∫ltima atualiza√ß√£o ficou p√©ssimo!!!",2,1,2.2.29.20012861,2020-03-17 20:55:33,,,2.2.29.20012861
f854125c-e5b6-438c-8188-36bcdef55ec1,Um usu√°rio do Google,https://play-lh.googleusercontent.com/EGemoI2NTXmTsBVtJqk8jxF9rh8ApRWfsIMQSt2uE4OcpQqbFu7f7NbTK05lx80nuSijCz7sc3a277R67g,"Obrigado por atualizar o tema do alarme. Agora o Samsung Watch esta com horario diferente do celular, ele entrou em horario de verao, porem o cel nao, como arrumar? O cel esta certo btw",2,0,2.2.27.19083061,2019-11-05 15:30:34,,,2.2.27.19083061
30fc85ee-59b1-4ff2-b945-388f59ded688,Mauro Sergio Manoel,https://play-lh.googleusercontent.com/a-/AD_cMMQEbEL0gNNRZfkozPuWaMcAavTKv5lOXFDR_sTnbNvPGQ,"Ele tira o volume do celular, ficando no fone de ouvido... A√≠ eu tenho que desligar o bluetooth para o volume voltar.",2,0,,2021-10-21 18:35:24,,,
8419b5b5-28de-4da9-b613-1a68f3a04b10,Pedro Costa,https://play-lh.googleusercontent.com/a/AAcHTtfpPTkgjKqptBKDAJa3srbff4kQjeJ_iPMrmCbHl1q8=mo,A pulseira so localiza o telem√≥vel quando fa√ßo a limpeza de dados da aplica√ß√£o. Depois deixa de localizar. Deviam corrigir,2,0,2.2.38.21011861,2021-03-16 20:21:11,,,2.2.38.21011861
20f0da08-b70e-442b-abda-7f8b01c9a935,Felipe Hespanhol,https://play-lh.googleusercontent.com/a-/AD_cMMSCUmy0h9rJTRAgljZ-1AjYT5914HlyUJS2k69O6fBZ4N3A,"√â tudo muito perfeito, por√©m n√£o consigo conectar na minha Samsung accont pelo aplicativo, fica em uma tela branca infinita.",2,0,2.2.50.22072061,2022-10-24 21:12:00,,,2.2.50.22072061
c44f532e-e204-4925-9d8a-c1373a49d09d,felipe guimaraes,https://play-lh.googleusercontent.com/a-/AD_cMMQ4w65C5T7dTGMONsh3R_PP2JLDzYQF3HaP_mRw4xVQ3w,O meu volume m√°ximo ficou baixo e o cancelamento de ru√≠do parou de funcionar. Aconteceu com mais algu√©m?,2,0,2.2.48.22033061,2022-06-13 09:12:06,,,2.2.48.22033061
40655844-772a-44bd-b962-f3a3161d875d,Marcelo Arantes,https://play-lh.googleusercontent.com/a-/AD_cMMTJYU-iZN2sZtYmJNqE7a0-ucjbfu2Lcr68PS-Tl7-f_WI,"Piorando a cada atualiza√ß√£o.. media a press√£o certinho, agora perde o contato. Horrivel.",2,0,2.2.34.20091461,2020-12-07 21:49:06,,,2.2.34.20091461
c8b0c7a1-02c1-42ee-8192-974ee2cebb54,Alexandre Rodrigues,https://play-lh.googleusercontent.com/a-/AD_cMMTaHgDkhKRuLKocNp0f0P9DAa9PnOFmHwwN_tDczqwFABM,Galaxy Fit 2 n√£o funciona widget de clima. S√≥ pede pra adicionar localiza√ß√£o e n√£o acontece nada. Tamb√©m tenho um S7.,2,0,,2020-12-18 10:16:05,,,
303fdfe5-592f-4bb1-acfd-4c5cbeb6c9fd,Cristiano Nunes,https://play-lh.googleusercontent.com/a-/AD_cMMSTOHlIlxOzH1rCc_PuVqUfBghSlc4hFf4NMwmS0s1CCsU,Fica desconectando v√°rias vezes..... Tenho um motoG30!!!! Acredito que seja depois da √∫ltima atualiza√ß√£o..... Deu ruim!!!,2,0,2.2.46.21112461,2021-12-17 17:30:57,,,2.2.46.21112461
43c09662-11bd-488d-b7a0-58e4a9d572fc,Um usu√°rio do Google,https://play-lh.googleusercontent.com/EGemoI2NTXmTsBVtJqk8jxF9rh8ApRWfsIMQSt2uE4OcpQqbFu7f7NbTK05lx80nuSijCz7sc3a277R67g,Nao estava recebendo as notifica√ß√µes no rel√≥gio. Desde ontem nao consigo sincronizar novamento o.app ao Galaxy Active,2,0,2.2.24.19031361,2019-04-24 06:41:54,,,2.2.24.19031361
2afb23ac-5c3b-4c8e-a3ff-fd800ee9cdbd,Um usu√°rio do Google,https://play-lh.googleusercontent.com/EGemoI2NTXmTsBVtJqk8jxF9rh8ApRWfsIMQSt2uE4OcpQqbFu7f7NbTK05lx80nuSijCz7sc3a277R67g,O que me incomoda muito √© o fato de ele desconectar sem motivo aparente e com muita frequ√™ncia o Galaxy fit do Galaxy s9 +.,2,0,2.2.27.19083061,2019-12-11 13:00:33,,,2.2.27.19083061
7072a9ff-39ab-40a0-b96d-7148c41eab8f,Tiago March√£o,https://play-lh.googleusercontent.com/a-/AD_cMMSRSJBaEQPPiEAhVo-8SHepPRkPV1uE1CJXiQCgImONWPw,"Deixei 2 horas para emparelhar... nada.... isto depois do rel√≥gio ter actualizado, e logo a seguir a vossa actualiza√ß√£o... o meu telefone √© Samsung e o smartwatch √© S3 classic da samsung",2,0,2.2.30.20031361,2020-05-18 15:02:46,,,2.2.30.20031361
370054ec-0e12-4dfe-b643-207d87bdf29b,Pedro Sousa,https://play-lh.googleusercontent.com/a/AAcHTtfqBL6VxNDEJ_X-iJ-g5jNLcMB2s110ORDL-lSEVAs=mo,"Tenho um galaxy 2 e tenho verificado algumas incoer√™ncias na contagem de passos, especialmente na elitica. Em adicional verifiquei que a compara√ß√£o com outros aparelhos similares existe incoer√™ncias que me faz duvidar da precis√£o do rel√≥gio. Em adicional estou ainda √† espera do ECG e o controle de queda prometido para o primeiro trimestre deste ano (e ser√° que a ir√° cumprir? Este ano?)",2,1,2.2.30.20031361,2020-07-08 09:59:50,,,2.2.30.20031361
84e930a8-e3bd-4c26-a97e-1ead2bbd4485,Andr√© Lincom,https://play-lh.googleusercontent.com/a-/AD_cMMQMRKYqlVoh0vQEpmMuM_s5VgBpaaieEZqefoW0BFqENp5t,Deixa a desejar pela limita√ß√£o de aplicativos devido o pa√≠s de origem... Tem v√°rios tutoriais ensinando como alterar e conseguir utilizar o Samsung Pay.,2,3,2.2.32.20071661,2020-08-05 18:37:46,,,2.2.32.20071661
a4898479-7dd9-4143-a25b-cabf21576a03,Um usu√°rio do Google,https://play-lh.googleusercontent.com/EGemoI2NTXmTsBVtJqk8jxF9rh8ApRWfsIMQSt2uE4OcpQqbFu7f7NbTK05lx80nuSijCz7sc3a277R67g,"Aplicativo mediano, o monitoramento do sono ent√£o √© prec√°rio. O da Honor Band 3 da Huawei d√° de 10! Mas fora isso ainda vai",2,0,2.2.21.18080361,2018-09-21 10:22:00,,,2.2.21.18080361
ff7d5147-da79-4c28-acf0-8fa6faa2f128,Um usu√°rio do Google,https://play-lh.googleusercontent.com/EGemoI2NTXmTsBVtJqk8jxF9rh8ApRWfsIMQSt2uE4OcpQqbFu7f7NbTK05lx80nuSijCz7sc3a277R67g,depois da √∫ltima atualiza√ß√£o do meu celular alguns aplicativos pararam de funcionar!! quando voltar ao normal mudo minha opini√£o!!,2,4,2.2.23.19021251,2019-02-17 11:09:36,,,2.2.23.19021251
7033aff2-bf83-4996-a126-56b889d619ed,Leandro Dos Santos,https://play-lh.googleusercontent.com/a-/AD_cMMQs97Uh5SOaONU1dYdXA7fauX2IL2RYbjFbh5289bZfNctI,"Clica em abrir, roda, mas n abre. D√° um crash. A√≠ tem q clicar de novo. Assim ele abre.",2,0,2.2.38.21011861,2021-01-30 14:33:16,,,2.2.38.21011861
fa52b9c2-6efa-4ddd-b241-7c79c54622f9,Martim Magalh√£es,https://play-lh.googleusercontent.com/a-/AD_cMMTRct__YUzPL6ixrkQM6VomIxUKjXGfLHDtvtktjZ4HTDw,Muito simples de manusear e completo! Precisar ter o manual do usu√°rio em Portugu√™s.,2,0,2.2.33.20082161,2020-09-22 18:55:52,,,2.2.33.20082161
4a4566f6-6346-4bee-a125-d6ef7b5d54ea,Kemilly Malta,https://play-lh.googleusercontent.com/a/AAcHTtce0nX69v67JHhC8s-9Jw5jEppcJ8K6u1VJGReNyfZZ=mo,"O App √© bom mas a interface do Galaxy buds + √© horrivel, n√£o tem clareza e confesso que quebrei um pouco a cabe√ßa pra conseguir configurar meu fone",2,0,2.2.41.21071361,2021-08-19 19:58:05,,,2.2.41.21071361
b34c8057-f6e0-4143-bac8-ce0153cf8c40,CASSIO RAMOS OLIVEIRA,https://play-lh.googleusercontent.com/a-/AD_cMMSOooU_GtUQa6At3KUsFU1vKLsfyws3uHzMrJVrpfKCEKI,"Acabei de receber meu rel√≥gio e n√£o consigo configurar. Aparece no meu telefone que meu Android √© incompat√≠vel, e eu tenho Android 10",2,0,,2020-10-21 11:51:47,,,
a27da6f8-4842-4f12-9fa5-a0c866524009,Elaine Ramos (Elaine Fala S√©rio),https://play-lh.googleusercontent.com/a-/AD_cMMR9V7iC-xyDWVznXI7c8hihOOL3K9l8vRSxKdTA3nt301A,"Este app apresentou um bug no Samsung S21. Instabilidade na tela... Dava tela branca, piscando. Foi s√≥ desinstalar e normalizou.",2,0,,2022-11-15 19:24:49,,,
20646a92-ea94-4c7a-98ef-cd2afab8769f,Cesar Costa,https://play-lh.googleusercontent.com/a-/AD_cMMT17PzCknrfE9q3PUccTNnLRbGsx6fdFyhNWoKQBlH8iSY,Ap√≥s atualiza√ß√£o app n√£o abre mais clicando no √≠cone. Pede para atualizar e s√≥ abre pela Play Store.,2,2,2.2.50.22072061,2022-11-23 18:52:54,,,2.2.50.22072061
73a0f9f2-b822-4400-9171-b6742ccb1f59,Diego dos santos,https://play-lh.googleusercontent.com/a-/AD_cMMRTsGyymWDARBlnOKokR4AkV5lAeXeTmXN33oJV-T87xCyJ,"A utiliza√ß√£o deixou a interface e qualidade de som n√£o agrad√°vel no buds live, antes da atualiza√ß√£o estava perfeito",2,1,2.2.44.21101461,2021-10-20 13:22:58,,,2.2.44.21101461
512e8c03-2a96-4b70-bece-305ece7941d0,Um usu√°rio do Google,https://play-lh.googleusercontent.com/EGemoI2NTXmTsBVtJqk8jxF9rh8ApRWfsIMQSt2uE4OcpQqbFu7f7NbTK05lx80nuSijCz7sc3a277R67g,N√£o sincroniza e na maioria das vezes n√£o d√° as defini√ß√µes do clima no rel√≥gio.,2,0,2.2.21.18080361,2018-11-27 19:08:45,,,2.2.21.18080361
1229f6d6-0bf8-4b42-9ec8-2c67b255ff75,Vanessa Oishi,https://play-lh.googleusercontent.com/a-/AD_cMMS00d0ZqgJG1NlYghPp7kDydfD34vOxNO--GKNbwDtXPio,√â mais ou menos o app dando pouco op√ß√£o de configura√ß√£o das prefer√™ncias e o mais irritante s√£o atualiza√ß√µes excessivas,2,0,2.2.42.21083061,2021-09-03 08:02:25,,,2.2.42.21083061
57e88106-bb6d-41b7-82dc-f9450d854d8e,Um usu√°rio do Google,https://play-lh.googleusercontent.com/EGemoI2NTXmTsBVtJqk8jxF9rh8ApRWfsIMQSt2uE4OcpQqbFu7f7NbTK05lx80nuSijCz7sc3a277R67g,"Em 16.09.19 eu perdi o meu Galaxy Fit Pulseira Rel√≥gio e solicito ajuda em localiza√ß√£o. Informo que a pulseira do rel√≥gio n√£o fica firme no bra√ßo, desabotoa e perde f√°cil...",2,0,2.2.26.19081661,2019-09-16 09:56:57,,,2.2.26.19081661
099d88fb-d764-4e74-8fa1-e8a284a7d0f9,Maur√≠cio La Porta da Rocha,https://play-lh.googleusercontent.com/a-/AD_cMMQuVbPDQOh4MhHdb6Gg0oEovto325EtXSmquUf5SfpR3uI,"Interface dos fones ficou ruim, a interior era mais intuitiva.",2,0,2.2.41.21071361,2021-08-17 15:34:29,,,2.2.41.21071361
33d0e0af-40c8-4eb4-9e34-6beb740e0f3e,Jos√© 24,https://play-lh.googleusercontent.com/a-/AD_cMMQ7K8d2j1odoc4amh5LI3eCtxqtfa1b9KZ2dbNybiqrtDE,"O app tem v√°rios defeitos, um deles √© que o rel√≥gio fica desconectando do app isso √© muito chato...",2,0,2.2.30.20031361,2020-07-04 10:21:37,,,2.2.30.20031361
0e8ce01b-82e4-4b16-8fe4-8fd87102be64,Kleber Barata,https://play-lh.googleusercontent.com/a-/AD_cMMQC_WYTGqk0V6skRbPLqXXMM4rzUsQ1VQ3nVHTU3Yv_emQ,N√£o conecta mais com o smartphone no APP WEAR da SAMSUNG e s√≥ tem 1 m√™s de comprado o meu fone Buds Live e funciona muito bem em outros app's.,2,1,2.2.50.22072061,2022-10-04 12:21:41,,,2.2.50.22072061
af24108c-ac8a-497c-ac64-f93831d00df6,Andr√©ia Waszko,https://play-lh.googleusercontent.com/a-/AD_cMMQV5-LliVQiXUXbdMZVL6x4yZ8xqd9SYq-as0TmU2foB3Dv,"O app n√£o intercala os aparelhos de acordo com o uso, e poderia unificar, tenho que configurar um por vez!",2,0,2.2.39.21052561,2021-06-19 15:14:31,,,2.2.39.21052561
655484d1-689a-4218-9211-38af93e6bb9f,Guilherme Almeida,https://play-lh.googleusercontent.com/a-/AD_cMMR25UxNiw3vdzKUhRIdC6f72rv0OS0qEIBwrsz51F3Wuz_o,"Minha galaxy fit est√° travando muito, as vezes tenho que reiniciar porque para de funcionar o touchscreen. Por favor arrumem isso",2,0,2.2.32.20071661,2020-08-20 23:51:31,,,2.2.32.20071661
8994359c-4475-451f-9abc-35339b720058,Paulo Ricardo Zimmermann,https://play-lh.googleusercontent.com/a-/AD_cMMTt0wHQDqiuxgOgxwxqhblodddXn-3TzszXjbuiYMEHv8g,"Funcionava bem, ap√≥s atualiza√ß√£o n√£o est√° mais detectando o exerc√≠cio ap√≥s os 10 minutos de atividade.",2,1,2.2.47.21122061,2022-02-08 09:29:17,,,2.2.47.21122061
618e8c39-b58c-415c-8000-f2151aaef7a3,Diego Campos,https://play-lh.googleusercontent.com/a-/AD_cMMTySOtlMdFyEgxBKK9Zvil_DbgCvJbY0FlBGXP4-FgA3GE,Insatisfeito com pareamento. Demora demais e funciona quando quer. Ah e n√£o parea com galaxy tab s6 lite.,2,0,2.2.38.21011861,2021-05-23 12:57:49,,,2.2.38.21011861
cc7f336a-1451-4d95-8572-5abc22ce8fd4,Pedro M√ºller J√∫nior,https://play-lh.googleusercontent.com/a-/AD_cMMSmJ7-rtye8w-NYaDGeziIN_EUOg3n-HFC2XTghUK9Xh-pO,Rel√≥gio fica desconectando do app e toda hora pede pra formatar e refazer o pareamento... Imposs√≠vel de utilizar dessa forma...,2,2,2.2.54.22112861,2023-02-07 00:42:55,,,2.2.54.22112861
353a5862-21b3-4601-83c1-c7719dd2a48c,Thalis Andrade,https://play-lh.googleusercontent.com/a-/AD_cMMQyt-FoM9NOaU2TqVTkxbNNsBV1zf2fKMMRiVMYJTTPo7Y,Est√° solicitando atualiza√ß√£o toda vez que abro o app. Tenho que abrir o app toda hora pra conectar ao rel√≥gio gear S3.,2,0,2.2.50.22072061,2022-12-10 17:25:13,,,2.2.50.22072061
94eb116c-8d69-4743-98c5-021b0f4a2a95,Fabio S. Angelo,https://play-lh.googleusercontent.com/a/AAcHTtdHvEm_1qglOVKT09hyjkit7Wh4x3KndxIIDGGMM-zOOQ=mo,"Est√° acabando com a bateria do meu celular, o GPS est√° ficando ativo direto drenando a bateria.",2,0,2.2.31.20061661,2020-07-20 09:44:19,,,2.2.31.20061661
bec0f180-c140-4fd2-93c9-da28c37c399f,Thayse Wendel,https://play-lh.googleusercontent.com/a/AAcHTtcsvWIpKTbFTSdY_d29B2v66n4xJIqUjhIeG4e7K_oE=mo,O controlador de c√¢mera est√° ativado mas n√£o aparece no painel r√°pido do fit 2,2,1,2.2.54.22112861,2023-04-14 23:58:23,,,2.2.54.22112861
d9c28cbc-5c17-4e94-836d-153f81b54dab,Gabriel Almeida,https://play-lh.googleusercontent.com/a/AAcHTtcnJ1UMZWgE4Np5VUpj_18B_4Ijo7rptb3gomiuK5Iw=mo,Troquei de celular e o rel√≥gio simplesmente n√£o conecta nele. A configura√ß√£o buga toda vez,2,2,2.2.54.22112861,2023-03-30 21:45:32,,,2.2.54.22112861
04456c7d-9301-484e-b319-a1e499e46e77,Um usu√°rio do Google,https://play-lh.googleusercontent.com/EGemoI2NTXmTsBVtJqk8jxF9rh8ApRWfsIMQSt2uE4OcpQqbFu7f7NbTK05lx80nuSijCz7sc3a277R67g,"Depois de atualizar o App, o cron√¥metro no modo contagem regressiva n√£o grava mais o tempo assim que se finaliza.",2,0,2.2.30.20031361,2020-04-17 14:07:04,,,2.2.30.20031361
28cd38c8-1af9-42f3-88bf-908babca2eb6,Gustavo Magalh√£es,https://play-lh.googleusercontent.com/a-/AD_cMMRhE-zOT71PTgk4GKsf9AIX6lGt606U9LOanj7WgA6kDvE,Desde a √∫ltima atualiza√ß√£o que n√£o consigo emparelhar o rel√≥gio com o telem√≥vel (Xiaomi).,2,3,2.2.50.22072061,2022-09-16 19:42:38,,,2.2.50.22072061
ecc03460-49b4-4529-beb9-03bf97de4046,Rafael Maximo,https://play-lh.googleusercontent.com/a-/AD_cMMTtjkDxA7d1ZhkX_bchWQ1bRBua8gwtmRUWMDfcofEioVnS,"Em 2 dias a pulseira parou de funcionar, fica s√≥ conectando e desconectando do celular mas o visor n√£o acende",2,0,2.2.38.21011861,2021-04-19 06:34:21,,,2.2.38.21011861
bc65dd58-897b-4e10-8f85-1511b38ec553,Anildo Pereira Junior,https://play-lh.googleusercontent.com/a-/AD_cMMT6WVhefdt-CCJlNfSZI1vMxeJ8knLWxGpY07iQBnMuIQjR,Depois da √∫ltima atualiza√ß√£o est√° horr√≠vel. Desconectado e o visual est√° PAVOROSO,2,0,2.2.41.21071361,2021-08-11 11:07:30,,,2.2.41.21071361
3f3e3865-1cf5-4c08-b4be-d4fcfc6e0a96,Geovana Gomes,https://play-lh.googleusercontent.com/a-/AD_cMMTlYGBnZK_uYjiUQxcBMkCdvz3rLZI0nU02rGBUvn-k-5E,"N√£o est√° mais pareando, no aplicativo at√© aparece que est√° conectado, mas na pulseira apare o sinal de quando n√£o est√° pareado.",2,14,2.2.41.21071361,2021-08-10 08:13:16,,,2.2.41.21071361
31a568c8-3a78-48dd-ad40-0c1601b983ee,Um usu√°rio do Google,https://play-lh.googleusercontent.com/EGemoI2NTXmTsBVtJqk8jxF9rh8ApRWfsIMQSt2uE4OcpQqbFu7f7NbTK05lx80nuSijCz7sc3a277R67g,O rel√≥gio n√£o aceita pareamento com fones que n√£o seja da samsung. Quanto ao App n√£o tive problemas.,2,0,2.2.26.19081661,2019-09-18 10:30:06,,,2.2.26.19081661
1c5c3633-f50b-42ad-be7b-01b2738eea4e,Elisangela Roquete de Melo,https://play-lh.googleusercontent.com/a-/AD_cMMTAPknsryKXS68gz7KUqE_UmYnpuZInWiZxvwNtHQi2mpQc,"Deveria ter o aplicativo para aferi√ß√£o da pressa arterial, dentre outros. T√° pobre de funcionalidades em compara√ß√£o aos outros.",2,1,2.2.42.21083061,2021-09-19 19:10:01,,,2.2.42.21083061
bbe5dedd-aebb-4c1c-bc46-7f116d21dd97,Arnaldo Arantes,https://play-lh.googleusercontent.com/a-/AD_cMMS7kK9sk-WwPOXjmT6wl7uu9fBs9KpLALh857pK8_sIGvw,"Meu rel√≥gio n√£o se conecta ao celular, ou seja, quando aciono o aplicativo se eu separar os dois ele n√£o funciona",2,0,2.2.30.20031361,2020-05-15 11:29:11,,,2.2.30.20031361
82b13d49-9b3f-4c7c-821c-1b8c0f16b92a,Um usu√°rio do Google,https://play-lh.googleusercontent.com/EGemoI2NTXmTsBVtJqk8jxF9rh8ApRWfsIMQSt2uE4OcpQqbFu7f7NbTK05lx80nuSijCz7sc3a277R67g,"Depois da √∫ltima atualiza√ß√£o meu gear fit2 pro fica desconectado a todo momento, tenho que ficar conectando toda hora.",2,1,2.2.21.18080361,2018-10-20 03:51:33,,,2.2.21.18080361
5ca31e62-86e0-4f53-b3ca-4158de0ee4ff,William Anderson,https://play-lh.googleusercontent.com/a-/AD_cMMRqjGJF8VNUtJP6II9c_ARk6pUj64wqRFoEDLw2Hm1LHYY,Saiu a op√ß√£o onde mostra o n√≠vel da bateria dos fones separadamente!! Muito ruim assim,2,0,2.2.36.20113061,2020-12-30 15:48:56,,,2.2.36.20113061
